Reference,Part/value,Terminal,Net
R1,100k,1,VBAT_P
R1,100k,2,BUTTON_N
R2,100k,1,VBAT_P
R2,100k,2,NOT_HOLD
R3,10k,1,HOLD
R3,10k,2,Q1_B
R4,100k,1,Q1_B
R4,100k,2,GND
R5,1k,1,OR_NODE
R5,1k,2,Q2_B
R6,100k,1,Q2_B
R6,100k,2,GND
R7,1k,1,Q2_C
R7,1k,2,Q3_B
R8,47k,1,5V_PRE
R8,47k,2,Q3_B
R9,10k,1,RELAY_S
R9,10k,2,GND
R10,22k,1,START
R10,22k,2,Q4_B
R11,100k,1,Q4_B
R11,100k,2,GND
R12,47k,1,PRESSED
R12,47k,2,Q5_B
R13,100k,1,Q5_B
R13,100k,2,GND
R14,10k,1,3V3_RADIO
R14,10k,2,BUTTON_READ
R15,100k,1,HOLD
R15,100k,2,GND
C1,100nF,+ or 1,VBAT_P
C1,100nF,- or 2,GND
C2,1uF,+ or 1,VBAT_P
C2,1uF,- or 2,GND
C3,10nF,+ or 1,BUTTON_N
C3,10nF,- or 2,GND
C4,470uF 16V,+ or 1,5V_RADIO
C4,470uF 16V,- or 2,GND
D1,1N4148,A,START
D1,1N4148,K band,OR_NODE
D2,1N4148,A,HOLD
D2,1N4148,K band,OR_NODE
Q1,2N3904,B,Q1_B
Q1,2N3904,C,NOT_HOLD
Q1,2N3904,E,GND
Q2,2N3904,B,Q2_B
Q2,2N3904,C,Q2_C
Q2,2N3904,E,GND
Q3,2N3906,B,Q3_B
Q3,2N3906,C,RELAY_S
Q3,2N3906,E,5V_PRE
Q4,2N3904,B,Q4_B
Q4,2N3904,C,KEY
Q4,2N3904,E,GND
Q5,2N3904,B,Q5_B
Q5,2N3904,C,BUTTON_READ
Q5,2N3904,E,GND
U1,SN74HC132N,1,BUTTON_N
U1,SN74HC132N,2,BUTTON_N
U1,SN74HC132N,3,PRESSED
U1,SN74HC132N,4,PRESSED
U1,SN74HC132N,5,NOT_HOLD
U1,SN74HC132N,6,START_N
U1,SN74HC132N,7,GND
U1,SN74HC132N,8,START
U1,SN74HC132N,9,START_N
U1,SN74HC132N,10,START_N
U1,SN74HC132N,11,NC
U1,SN74HC132N,12,GND
U1,SN74HC132N,13,GND
U1,SN74HC132N,14,VBAT_P
SW1,encoder momentary,1,BUTTON_N
SW1,encoder momentary,2,GND
PROTECT,1S >=6A; exact board to verify,B+,CELL_PLUS
PROTECT,1S >=6A; exact board to verify,B-,CELL_MINUS
PROTECT,1S >=6A; exact board to verify,P+ or OUT+,PACK_PLUS
PROTECT,1S >=6A; exact board to verify,P- or OUT-,GND
F1,5A time-delay provisional,1,PACK_PLUS
F1,5A time-delay provisional,2,VBAT_P
CELL1,matched 18650,+,CELL_PLUS
CELL1,matched 18650,-,CELL_MINUS
CELL2,matched 18650,+,CELL_PLUS
CELL2,matched 18650,-,CELL_MINUS
RELAY,existing Songle module,+,5V_PRE
RELAY,existing Songle module,-,GND
RELAY,existing Songle module,S,RELAY_S
RELAY,existing Songle module,COM,5V_PRE
RELAY,existing Songle module,NO,5V_RADIO
RELAY,existing Songle module,NC,NC
IP5310,USB-C + USB-A,B+,VBAT_P
IP5310,USB-C + USB-A,B-,GND
IP5310,USB-C + USB-A,USB-A +5V,5V_PRE
IP5310,USB-C + USB-A,USB-A GND,GND
IP5310,USB-C + USB-A,button KEY pad,KEY
IP5310,USB-C + USB-A,button ground pad,GND
ESP32,existing dev board,GPIO18 proposed,HOLD
ESP32,existing dev board,GPIO7,BUTTON_READ
ESP32,existing dev board,5V/VIN,5V_RADIO
ESP32,existing dev board,3V3,3V3_RADIO
ESP32,existing dev board,GND,GND
MAX_LEFT,MAX98357,VIN,5V_RADIO
MAX_LEFT,MAX98357,GND,GND
MAX_RIGHT,MAX98357,VIN,5V_RADIO
MAX_RIGHT,MAX98357,GND,GND
